{
	"credit": "Credit: Oran9eUtan, Ontvlambaar",
	"textures": {
		"0": "block/black_concrete_powder",
		"1": "block/black_concrete",
		"2": "block/yellow_concrete_powder",
		"particle": "block/black_concrete_powder"
	},
	"elements": [
		{
			"name": "band",
			"from": [0, 14, 1],
			"to": [12, 16, 13],
			"faces": {
				"north": {"uv": [8, 8, 10, 10], "texture": "#1"},
				"east": {"uv": [8, 8, 10, 10], "texture": "#1"},
				"south": {"uv": [8, 8, 10, 10], "texture": "#1"},
				"west": {"uv": [0, 0, 0, 0], "texture": "#1"},
				"up": {"uv": [0, 0, 0, 0], "texture": "#1"},
				"down": {"uv": [0, 0, 0, 0], "texture": "#1"}
			}
		},
		{
			"name": "bottom",
			"from": [-1, 10, 0],
			"to": [13, 12, 14],
			"faces": {
				"north": {"uv": [4, 2, 10, 3], "texture": "#0"},
				"east": {"uv": [6, 12, 12, 13], "texture": "#0"},
				"south": {"uv": [3, 12, 9, 13], "texture": "#0"},
				"west": {"uv": [7, 1, 13, 2], "texture": "#0"},
				"up": {"uv": [2, 8, 4, 10], "texture": "#0"},
				"down": {"uv": [2, 3, 9, 10], "texture": "#0"}
			}
		},
		{
			"name": "bottom 2",
			"from": [0, 12, 1],
			"to": [12, 14, 13],
			"faces": {
				"north": {"uv": [2, 12, 7, 13], "texture": "#0"},
				"east": {"uv": [2, 5, 8, 6], "texture": "#0"},
				"south": {"uv": [3, 3, 9, 4], "texture": "#0"},
				"west": {"uv": [5, 12, 11, 13], "texture": "#0"},
				"up": {"uv": [0, 0, 0, 0], "texture": "#0"},
				"down": {"uv": [0, 0, 0, 0], "texture": "#0"}
			}
		},
		{
			"name": "top",
			"from": [0, 16, 1],
			"to": [12, 24, 13],
			"faces": {
				"north": {"uv": [8, 1, 14, 7], "texture": "#0"},
				"east": {"uv": [2, 2, 8, 8], "texture": "#0"},
				"south": {"uv": [5, 2, 11, 8], "texture": "#0"},
				"west": {"uv": [2, 1, 8, 7], "texture": "#0"},
				"up": {"uv": [2, 4, 7, 9], "texture": "#0"},
				"down": {"uv": [0, 0, 0, 0], "texture": "#0"}
			}
		},
		{
			"name": "Monocle1",
			"from": [0.8, 5.5, 1],
			"to": [1.8, 8.5, 2],
			"rotation": {"angle": 0, "axis": "y", "origin": [8, 8, 9]},
			"faces": {
				"north": {"uv": [8, 2, 10, 4], "texture": "#2"},
				"east": {"uv": [1, 0, 3, 2], "texture": "#2"},
				"south": {"uv": [8, 2, 10, 4], "texture": "#2"},
				"west": {"uv": [10, 3, 12, 5], "texture": "#2"},
				"up": {"uv": [8, 2, 10, 4], "texture": "#2"},
				"down": {"uv": [0, 0, 0, 0], "texture": "#2"}
			}
		},
		{
			"name": "Monocle2",
			"from": [1.8, 4.5, 1],
			"to": [4.8, 5.5, 2],
			"rotation": {"angle": 0, "axis": "y", "origin": [8, 8, 9]},
			"faces": {
				"north": {"uv": [2, 2, 4, 4], "texture": "#2"},
				"east": {"uv": [2, 2, 4, 4], "texture": "#2"},
				"south": {"uv": [2, 2, 4, 4], "texture": "#2"},
				"west": {"uv": [2, 2, 4, 4], "texture": "#2"},
				"up": {"uv": [2, 2, 4, 4], "texture": "#2"},
				"down": {"uv": [2, 2, 4, 4], "texture": "#2"}
			}
		},
		{
			"name": "Monocle3",
			"from": [1.8, 8.5, 1],
			"to": [4.8, 9.5, 2],
			"rotation": {"angle": 0, "axis": "y", "origin": [8, 8, 9]},
			"faces": {
				"north": {"uv": [2, 2, 4, 4], "texture": "#2"},
				"east": {"uv": [0, 0, 0, 0], "texture": "#2"},
				"south": {"uv": [2, 2, 4, 4], "texture": "#2"},
				"west": {"uv": [2, 2, 4, 4], "texture": "#2"},
				"up": {"uv": [2, 2, 4, 4], "texture": "#2"},
				"down": {"uv": [2, 2, 4, 4], "texture": "#2"}
			}
		},
		{
			"name": "Monocle5",
			"from": [4.8, 5.5, 1],
			"to": [5.8, 8.5, 2],
			"rotation": {"angle": 0, "axis": "y", "origin": [8, 8, 9]},
			"faces": {
				"north": {"uv": [2, 2, 4, 4], "texture": "#2"},
				"east": {"uv": [2, 2, 4, 4], "texture": "#2"},
				"south": {"uv": [2, 2, 4, 4], "texture": "#2"},
				"west": {"uv": [2, 2, 4, 4], "texture": "#2"},
				"up": {"uv": [0, 0, 0, 0], "texture": "#2"},
				"down": {"uv": [2, 2, 4, 4], "texture": "#2"}
			}
		}
	],
	"display": {
		"thirdperson_righthand": {
			"rotation": [2, -108, 0],
			"translation": [-1.391, -0.695, 2.7826],
			"scale": [0.5, 0.5, 0.5]
		},
		"thirdperson_lefthand": {
			"rotation": [2, -55, 0],
			"translation": [-1.391, -0.695, 2.7826],
			"scale": [0.5, 0.5, 0.5]
		},
		"firstperson_righthand": {
			"rotation": [-49, 127, 6],
			"translation": [-0.694, -1.388, 2.7826],
			"scale": [0.5, 0.5, 0.5]
		},
		"firstperson_lefthand": {
			"rotation": [-49, 127, 6],
			"translation": [-0.694, -1.388, 2.7826],
			"scale": [0.5, 0.5, 0.5]
		},
		"ground": {
			"scale": [0.4, 0.4, 0.4]
		},
		"gui": {
			"rotation": [0, 175, 0],
			"translation": [-0.695, -6.954, 0],
			"scale": [0.8, 0.8, 0.8]
		},
		"head": {
			"translation": [2.3, 0, 1.23],
			"scale": [1.2, 1.2, 1.2]
		},
		"fixed": {
			"rotation": [-90, 0, 0],
			"translation": [2, 1, 3.1956]
		}
	},
	"groups": [
		{
			"name": "hat",
			"origin": [8, 8, 8],
			"children": [0, 1, 2, 3]
		},
		{
			"name": "Monocle",
			"origin": [8, 8, 8],
			"children": [4, 5, 6, 7]
		}
	]
}