{
"parent": "item/generated",
"textures": {
"layer0": "item/bow"
},
"display": {
"thirdperson_righthand": {
"rotation": [ -80, 260, -40 ],
"translation": [ -1, -2, 2.5 ],
"scale": [ 2.6, 2.6, 1.0 ]
},
"thirdperson_lefthand": {
"rotation": [ -80, -280, 40 ],
"translation": [ -1, -2, 2.5 ],
"scale": [ 2.6, 2.6, 1.0 ]
},
"firstperson_righthand": {
"rotation": [ 0, -90, 25 ],
"translation": [ 1.13, 3.2, 1.13],
"scale": [ 2.72, 2.72, 1.0 ]
},
"firstperson_lefthand": {
"rotation": [ 0, 90, -25 ],
"translation": [ 1.13, 3.2, 1.13],
"scale": [ 2.72, 2.72, 1.0 ]
},
"ground": {
"rotation": [ 0, 0, 0 ],
"translation": [ 0, 0, 0 ],
"scale": [ 2.0, 2.0, 1.0 ]
},
"fixed": {
"rotation": [ 0, 0, 0 ],
"translation": [ 0, 0, 0 ],
"scale": [ 6.0, 6.0, 1.5 ]
},
"gui": {
"rotation": [ 0, 0, 0 ],
"translation": [ 0, 0, 0 ],
"scale": [ 4.0, 4.0, 1.5 ]
}
},
"overrides":
[
{"predicate": {"pulling": 1}, "model": "item/bow_pulling_0"},
{"predicate": {"pulling": 1, "pull": 0.65}, "model": "item/bow_pulling_1"},
{"predicate": {"pulling": 1, "pull": 0.9}, "model": "item/bow_pulling_2"},

{"predicate": {"custom_model_data":1011001}, "model": "item/bow/compoundbow_standby"},
{"predicate": {"custom_model_data":1011001, "pulling": 1}, "model": "item/bow/compoundbow_pulling_0"},
{"predicate": {"custom_model_data":1011001, "pulling": 1, "pull": 0.65},"model": "item/bow/compoundbow_pulling_1"},
{"predicate": {"custom_model_data":1011001, "pulling": 1, "pull": 0.9}, "model": "item/bow/compoundbow_pulling_2"},

{"predicate": {"custom_model_data":1011011}, "model": "item/bow/crossbow_standby"},
{"predicate": {"custom_model_data":1011011, "pulling": 1}, "model": "item/bow/crossbow_pulling_0"},
{"predicate": {"custom_model_data":1011011, "pulling": 1, "pull": 0.65},"model": "item/bow/crossbow_pulling_1"},
{"predicate": {"custom_model_data":1011011, "pulling": 1, "pull": 0.9}, "model": "item/bow/crossbow_pulling_2"},

{"predicate": {"custom_model_data":1011021}, "model": "item/bow/darkbow_standby"},
{"predicate": {"custom_model_data":1011021, "pulling": 1}, "model": "item/bow/darkbow_pulling_0"},
{"predicate": {"custom_model_data":1011021, "pulling": 1, "pull": 0.65},"model": "item/bow/darkbow_pulling_1"},
{"predicate": {"custom_model_data":1011021, "pulling": 1, "pull": 0.9}, "model": "item/bow/darkbow_pulling_2"},

{"predicate": {"custom_model_data":1011031}, "model": "item/bow/diamondbow_standby"},
{"predicate": {"custom_model_data":1011031, "pulling": 1}, "model": "item/bow/diamondbow_pulling_0"},
{"predicate": {"custom_model_data":1011031, "pulling": 1, "pull": 0.65},"model": "item/bow/diamondbow_pulling_1"},
{"predicate": {"custom_model_data":1011031, "pulling": 1, "pull": 0.9}, "model": "item/bow/diamondbow_pulling_2"},

{"predicate": {"custom_model_data":1011041}, "model": "item/bow/flamebow_standby"},
{"predicate": {"custom_model_data":1011041, "pulling": 1}, "model": "item/bow/flamebow_pulling_0"},
{"predicate": {"custom_model_data":1011041, "pulling": 1, "pull": 0.65},"model": "item/bow/flamebow_pulling_1"},
{"predicate": {"custom_model_data":1011041, "pulling": 1, "pull": 0.9}, "model": "item/bow/flamebow_pulling_2"},

{"predicate": {"custom_model_data":1011051}, "model": "item/bow/frostbow_standby"},
{"predicate": {"custom_model_data":1011051, "pulling": 1}, "model": "item/bow/frostbow_pulling_0"},
{"predicate": {"custom_model_data":1011051, "pulling": 1, "pull": 0.65},"model": "item/bow/frostbow_pulling_1"},
{"predicate": {"custom_model_data":1011051, "pulling": 1, "pull": 0.9}, "model": "item/bow/frostbow_pulling_2"},

{"predicate": {"custom_model_data":1011061}, "model": "item/bow/goldbow_standby"},
{"predicate": {"custom_model_data":1011061, "pulling": 1}, "model": "item/bow/goldbow_pulling_0"},
{"predicate": {"custom_model_data":1011061, "pulling": 1, "pull": 0.65},"model": "item/bow/goldbow_pulling_1"},
{"predicate": {"custom_model_data":1011061, "pulling": 1, "pull": 0.9}, "model": "item/bow/goldbow_pulling_2"},

{"predicate": {"custom_model_data":1011071}, "model": "item/bow/huntingbow_standby"},
{"predicate": {"custom_model_data":1011071, "pulling": 1}, "model": "item/bow/huntingbow_pulling_0"},
{"predicate": {"custom_model_data":1011071, "pulling": 1, "pull": 0.65},"model": "item/bow/huntingbow_pulling_1"},
{"predicate": {"custom_model_data":1011071, "pulling": 1, "pull": 0.9}, "model": "item/bow/huntingbow_pulling_2"},

{"predicate": {"custom_model_data":1011081}, "model": "item/bow/ironbow_standby"},
{"predicate": {"custom_model_data":1011081, "pulling": 1}, "model": "item/bow/ironbow_pulling_0"},
{"predicate": {"custom_model_data":1011081, "pulling": 1, "pull": 0.65},"model": "item/bow/ironbow_pulling_1"},
{"predicate": {"custom_model_data":1011081, "pulling": 1, "pull": 0.9}, "model": "item/bow/ironbow_pulling_2"},

{"predicate": {"custom_model_data":1011091}, "model": "item/bow/longbow_standby"},
{"predicate": {"custom_model_data":1011091, "pulling": 1}, "model": "item/bow/longbow_pulling_0"},
{"predicate": {"custom_model_data":1011091, "pulling": 1, "pull": 0.65},"model": "item/bow/longbow_pulling_1"},
{"predicate": {"custom_model_data":1011091, "pulling": 1, "pull": 0.9}, "model": "item/bow/longbow_pulling_2"},

{"predicate": {"custom_model_data":1011101}, "model": "item/bow/obsidianbow_standby"},
{"predicate": {"custom_model_data":1011101, "pulling": 1}, "model": "item/bow/obsidianbow_pulling_0"},
{"predicate": {"custom_model_data":1011101, "pulling": 1, "pull": 0.65},"model": "item/bow/obsidianbow_pulling_1"},
{"predicate": {"custom_model_data":1011101, "pulling": 1, "pull": 0.9}, "model": "item/bow/obsidianbow_pulling_2"},

{"predicate": {"custom_model_data":1011111}, "model": "item/bow/shortbow_standby"},
{"predicate": {"custom_model_data":1011111, "pulling": 1}, "model": "item/bow/shortbow_pulling_0"},
{"predicate": {"custom_model_data":1011111, "pulling": 1, "pull": 0.65},"model": "item/bow/shortbow_pulling_1"},
{"predicate": {"custom_model_data":1011111, "pulling": 1, "pull": 0.9}, "model": "item/bow/shortbow_pulling_2"},

{"predicate": {"custom_model_data":1011121}, "model": "item/bow/ice_staff"},
{"predicate": {"custom_model_data":1011121, "pulling": 1}, "model": "item/bow/ice_staff"},
{"predicate": {"custom_model_data":1011121, "pulling": 1, "pull": 0.65},"model": "item/bow/ice_staff"},
{"predicate": {"custom_model_data":1011121, "pulling": 1, "pull": 0.9}, "model": "item/bow/ice_staff"},

{"predicate": {"custom_model_data":1011131}, "model": "item/bow/flamestaff_standby"},
{"predicate": {"custom_model_data":1011131, "pulling": 1}, "model": "item/bow/flamestaff_pulling_0"},
{"predicate": {"custom_model_data":1011131, "pulling": 1, "pull": 0.65},"model": "item/bow/flamestaff_pulling_1"},
{"predicate": {"custom_model_data":1011131, "pulling": 1, "pull": 0.9}, "model": "item/bow/flamestaff_pulling_2"},

{"predicate": {"custom_model_data":1011141}, "model": "item/bow/alien_blaster"},
{"predicate": {"custom_model_data":1011141, "pulling": 1}, "model": "item/bow/alien_blaster_pulling_0"},
{"predicate": {"custom_model_data":1011141, "pulling": 1, "pull": 0.65},"model": "item/bow/alien_blaster_pulling_1"},
{"predicate": {"custom_model_data":1011141, "pulling": 1, "pull": 0.9}, "model": "item/bow/alien_blaster_pulling_2"},

{"predicate": {"custom_model_data":1011151}, "model": "item/bow/ak-47"},
{"predicate": {"custom_model_data":1011151, "pulling": 1}, "model": "item/bow/ak-47"},
{"predicate": {"custom_model_data":1011151, "pulling": 1, "pull": 0.65},"model": "item/bow/ak-47"},
{"predicate": {"custom_model_data":1011151, "pulling": 1, "pull": 0.9}, "model": "item/bow/ak-47"},

{"predicate": {"custom_model_data":1011161}, "model": "item/bow/dimensional_bow_standby"},
{"predicate": {"custom_model_data":1011161, "pulling": 1}, "model": "item/bow/dimensional_bow_pulling_0"},
{"predicate": {"custom_model_data":1011161, "pulling": 1, "pull": 0.65},"model": "item/bow/dimensional_bow_pulling_1"},
{"predicate": {"custom_model_data":1011161, "pulling": 1, "pull": 0.9}, "model": "item/bow/dimensional_bow_pulling_2"},

{"predicate": {"custom_model_data":1011171}, "model": "item/bow/heavy_assault_rifle"},
{"predicate": {"custom_model_data":1011171, "pulling": 1}, "model": "item/bow/heavy_assault_rifle"},
{"predicate": {"custom_model_data":1011171, "pulling": 1, "pull": 0.65},"model": "item/bow/heavy_assault_rifle"},
{"predicate": {"custom_model_data":1011171, "pulling": 1, "pull": 0.9}, "model": "item/bow/heavy_assault_rifle"},

{"predicate": {"custom_model_data":1011181}, "model": "item/bow/imperial_blaster"},
{"predicate": {"custom_model_data":1011181, "pulling": 1}, "model": "item/bow/imperial_blaster"},
{"predicate": {"custom_model_data":1011181, "pulling": 1, "pull": 0.65},"model": "item/bow/imperial_blaster"},
{"predicate": {"custom_model_data":1011181, "pulling": 1, "pull": 0.9}, "model": "item/bow/imperial_blaster"},

{"predicate": {"custom_model_data":1011191}, "model": "item/bow/light_assault_rifle"},
{"predicate": {"custom_model_data":1011191, "pulling": 1}, "model": "item/bow/light_assault_rifle"},
{"predicate": {"custom_model_data":1011191, "pulling": 1, "pull": 0.65},"model": "item/bow/light_assault_rifle"},
{"predicate": {"custom_model_data":1011191, "pulling": 1, "pull": 0.9}, "model": "item/bow/light_assault_rifle"},

{"predicate": {"custom_model_data":1011201}, "model": "item/bow/pump_action_shotgun"},
{"predicate": {"custom_model_data":1011201, "pulling": 1}, "model": "item/bow/pump_action_shotgun"},
{"predicate": {"custom_model_data":1011201, "pulling": 1, "pull": 0.65},"model": "item/bow/pump_action_shotgun"},
{"predicate": {"custom_model_data":1011201, "pulling": 1, "pull": 0.9}, "model": "item/bow/pump_action_shotgun"},

{"predicate": {"custom_model_data":1011211}, "model": "item/bow/silenced_pistol"},
{"predicate": {"custom_model_data":1011211, "pulling": 1}, "model": "item/bow/silenced_pistol"},
{"predicate": {"custom_model_data":1011211, "pulling": 1, "pull": 0.65},"model": "item/bow/silenced_pistol"},
{"predicate": {"custom_model_data":1011211, "pulling": 1, "pull": 0.9}, "model": "item/bow/silenced_pistol"},

{"predicate": {"custom_model_data":1011221}, "model": "item/bow/sniper_rifle"},
{"predicate": {"custom_model_data":1011221, "pulling": 1}, "model": "item/bow/sniper_rifle"},
{"predicate": {"custom_model_data":1011221, "pulling": 1, "pull": 0.65},"model": "item/bow/sniper_rifle"},
{"predicate": {"custom_model_data":1011221, "pulling": 1, "pull": 0.9}, "model": "item/bow/sniper_rifle"},

{"predicate": {"custom_model_data":1011231}, "model": "item/bow/assault_rifle"},
{"predicate": {"custom_model_data":1011231, "pulling": 1}, "model": "item/bow/assault_rifle"},
{"predicate": {"custom_model_data":1011231, "pulling": 1, "pull": 0.65},"model": "item/bow/assault_rifle"},
{"predicate": {"custom_model_data":1011231, "pulling": 1, "pull": 0.9}, "model": "item/bow/assault_rifle"}
]
}