{
    "parent": "item/generated",
	"textures": {
        "layer0": "item/shield"
    },
    "display": {
        "thirdperson_righthand": {
            "rotation": [ 45, 135, 0 ],
            "translation": [ 2.5, -2, 3 ],
            "scale": [ 1.1, 1.1, 1.1 ]
        },
        "thirdperson_lefthand": {
            "rotation": [ 45, 135, 0 ],
            "translation": [ 2.5, -2, 3 ],
            "scale": [ 1.1, 1.1, 1.1 ]
        },
        "firstperson_righthand": {
            "rotation": [ 0, 180, -5 ],
            "translation": [ 0, -8, -3 ],
            "scale": [ 1.8, 1.8, 0.7 ]
        },
        "firstperson_lefthand": {
            "rotation": [ 0, 180, -5 ],
            "translation": [ 0, -8, -3 ],
            "scale": [ 1.8, 1.8, 0 ]
        },
        "gui": {
            "rotation": [ 15, -25, -5 ],
            "translation": [ 0, 0, -10 ],
            "scale": [ 1.5, 1.5, 0.5 ]
        }
    }
}
