{
	"credit": "Credit: Oran9eUtan, Ontvlambaar",
	"textures": {
		"squid": "items/squid"
	},
	"elements": [
		{
			"name": "body",
			"from": [0, 0, 0],
			"to": [16, 18, 16],
			"faces": {
				"north": {"uv": [4, 0, 8, 4.5], "texture": "#squid"},
				"east": {"uv": [0, 0, 4, 4.5], "texture": "#squid"},
				"south": {"uv": [0, 0, 4, 4.5], "texture": "#squid"},
				"west": {"uv": [0, 0, 4, 4.5], "texture": "#squid"},
				"up": {"uv": [0, 4.5, 4, 8.5], "texture": "#squid"},
				"down": {"uv": [0, 4.5, 4, 8.5], "texture": "#squid"}
			}
		},
		{
			"name": "hat1",
			"from": [2, 18, 2],
			"to": [14, 20, 14],
			"faces": {
				"north": {"uv": [6, 5, 6.5, 5.5], "texture": "#squid"},
				"east": {"uv": [6, 5, 6.5, 5.5], "texture": "#squid"},
				"south": {"uv": [6, 5, 6.5, 5.5], "texture": "#squid"},
				"west": {"uv": [6, 5, 6.5, 5.5], "texture": "#squid"},
				"up": {"uv": [6, 5, 6.5, 5.5], "texture": "#squid"}
			}
		},
		{
			"name": "hat2",
			"from": [4, 20, 4],
			"to": [12, 22, 12],
			"faces": {
				"north": {"uv": [4.5, 5, 5, 5.5], "texture": "#squid"},
				"east": {"uv": [4.5, 5, 5, 5.5], "texture": "#squid"},
				"south": {"uv": [4.5, 5, 5, 5.5], "texture": "#squid"},
				"west": {"uv": [4.5, 5, 5, 5.5], "texture": "#squid"},
				"up": {"uv": [4.5, 5, 5, 5.5], "texture": "#squid"}
			}
		},
		{
			"name": "hat3",
			"from": [4, 22, 4],
			"to": [12, 24, 6],
			"faces": {
				"north": {"uv": [6, 5, 6.5, 5.5], "texture": "#squid"},
				"east": {"uv": [6, 5, 6.5, 5.5], "texture": "#squid"},
				"south": {"uv": [6, 5, 6.5, 5.5], "texture": "#squid"},
				"west": {"uv": [6, 5, 6.5, 5.5], "texture": "#squid"}
			}
		},
		{
			"name": "hat4",
			"from": [4, 22, 6],
			"to": [6, 24, 12],
			"faces": {
				"south": {"uv": [6, 5, 6.5, 5.5], "texture": "#squid"},
				"west": {"uv": [6, 5, 6.5, 5.5], "texture": "#squid"}
			}
		},
		{
			"name": "hat5",
			"from": [4, 24, 4],
			"to": [12, 28, 12],
			"faces": {
				"north": {"uv": [6, 5, 6.5, 5.5], "texture": "#squid"},
				"east": {"uv": [6, 5, 6.5, 5.5], "texture": "#squid"},
				"south": {"uv": [6, 5, 6.5, 5.5], "texture": "#squid"},
				"west": {"uv": [6, 5, 6.5, 5.5], "texture": "#squid"},
				"up": {"uv": [6, 5, 6.5, 5.5], "texture": "#squid"}
			}
		},
		{
			"name": "hat7",
			"from": [6, 22, 10],
			"to": [12, 24, 12],
			"faces": {
				"east": {"uv": [6, 5, 6.5, 5.5], "texture": "#squid"},
				"south": {"uv": [6, 5, 6.5, 5.5], "texture": "#squid"}
			}
		},
		{
			"name": "hat",
			"from": [10, 22, 6],
			"to": [12, 24, 10],
			"faces": {
				"east": {"uv": [6, 5, 6.5, 5.5], "texture": "#squid"}
			}
		},
		{
			"name": "monocle1",
			"from": [1, 4, -1],
			"to": [2, 5, 0],
			"faces": {
				"north": {"uv": [8.5, 0.5, 9, 1], "texture": "#squid"},
				"east": {"uv": [8.5, 0.5, 9, 1], "texture": "#squid"},
				"west": {"uv": [8.5, 0.5, 9, 1], "texture": "#squid"},
				"down": {"uv": [8.5, 0.5, 9, 1], "texture": "#squid"}
			}
		},
		{
			"name": "monocle2",
			"from": [1, 5, -1],
			"to": [2, 8, 0],
			"faces": {
				"north": {"uv": [8.5, 2, 9, 2.5], "texture": "#squid"},
				"east": {"uv": [8.5, 2, 9, 2.5], "texture": "#squid"},
				"west": {"uv": [8.5, 2, 9, 2.5], "texture": "#squid"},
				"up": {"uv": [8.5, 2, 9, 2.5], "texture": "#squid"}
			}
		},
		{
			"name": "monocle3",
			"from": [2, 3, -1],
			"to": [4, 4, 0],
			"faces": {
				"north": {"uv": [8.5, 0.5, 9, 1], "texture": "#squid"},
				"west": {"uv": [8.5, 0.5, 9, 1], "texture": "#squid"},
				"up": {"uv": [8.5, 0.5, 9, 1], "texture": "#squid"},
				"down": {"uv": [8.5, 0.5, 9, 1], "texture": "#squid"}
			}
		},
		{
			"name": "monocle4",
			"from": [2, 8, -1],
			"to": [5, 9, 0],
			"faces": {
				"north": {"uv": [8.5, 2, 9, 2.5], "texture": "#squid"},
				"west": {"uv": [8.5, 2, 9, 2.5], "texture": "#squid"},
				"up": {"uv": [8.5, 2, 9, 2.5], "texture": "#squid"},
				"down": {"uv": [8.5, 2, 9, 2.5], "texture": "#squid"}
			}
		},
		{
			"name": "monocle5",
			"from": [4, 3, -1],
			"to": [6, 4, 0],
			"faces": {
				"north": {"uv": [8.5, 2, 9, 2.5], "texture": "#squid"},
				"east": {"uv": [8.5, 2, 9, 2.5], "texture": "#squid"},
				"up": {"uv": [8.5, 2, 9, 2.5], "texture": "#squid"},
				"down": {"uv": [8.5, 2, 9, 2.5], "texture": "#squid"}
			}
		},
		{
			"name": "monocle6",
			"from": [5, 8, -1],
			"to": [6, 9, 0],
			"faces": {
				"north": {"uv": [8.5, 3.5, 9, 4], "texture": "#squid"},
				"east": {"uv": [8.5, 3.5, 9, 4], "texture": "#squid"},
				"up": {"uv": [8.5, 3.5, 9, 4], "texture": "#squid"},
				"down": {"uv": [8.5, 3.5, 9, 4], "texture": "#squid"}
			}
		},
		{
			"name": "monocle7",
			"from": [6, 4, -1],
			"to": [7, 6, 0],
			"faces": {
				"north": {"uv": [8.5, 2, 9, 2.5], "texture": "#squid"},
				"east": {"uv": [8.5, 2, 9, 2.5], "texture": "#squid"},
				"west": {"uv": [8.5, 2, 9, 2.5], "texture": "#squid"},
				"down": {"uv": [8.5, 2, 9, 2.5], "texture": "#squid"}
			}
		},
		{
			"name": "monocle",
			"from": [6, 6, -1],
			"to": [7, 8, 0],
			"faces": {
				"north": {"uv": [8.5, 3.5, 9, 4], "texture": "#squid"},
				"east": {"uv": [8.5, 3.5, 9, 4], "texture": "#squid"},
				"west": {"uv": [8.5, 3.5, 9, 4], "texture": "#squid"},
				"up": {"uv": [8.5, 3.5, 9, 4], "texture": "#squid"}
			}
		},
		{
			"name": "tentacle3",
			"from": [-14.0013, 0.0017, 6.0002],
			"to": [1.9987, 4.0017, 10.0002],
			"rotation": {"angle": -45, "axis": "z", "origin": [2, 4, 10]},
			"faces": {
				"north": {"uv": [4, 7, 5.5, 8.5], "rotation": 90, "texture": "#squid"},
				"east": {"uv": [4, 7, 8.5, 8.5], "rotation": 90, "texture": "#squid"},
				"south": {"uv": [5.5, 8.5, 4, 7], "rotation": 270, "texture": "#squid"},
				"west": {"uv": [4, 7, 8.5, 8.5], "rotation": 270, "texture": "#squid"},
				"up": {"uv": [4, 7, 8.5, 8.5], "texture": "#squid"},
				"down": {"uv": [8.5, 8.5, 4, 7], "texture": "#squid"}
			}
		},
		{
			"name": "tentacle4",
			"from": [0.0014, -0.0004, 14.0014],
			"to": [4.0014, 3.9996, 30.0014],
			"rotation": {"angle": -45, "axis": "y", "origin": [4, 0, 14]},
			"faces": {
				"east": {"uv": [4, 7, 8.5, 8.5], "texture": "#squid"},
				"south": {"uv": [8.5, 8.5, 4, 7], "rotation": 180, "texture": "#squid"},
				"west": {"uv": [4, 7, 8.5, 8.5], "texture": "#squid"},
				"up": {"uv": [4, 7, 5.5, 8.5], "rotation": 180, "texture": "#squid"},
				"down": {"uv": [4, 7, 5.5, 8.5], "rotation": 180, "texture": "#squid"}
			}
		},
		{
			"name": "tentacle6",
			"from": [12.0014, -0.0015, 10.0004],
			"to": [28.0014, 3.9985, 14.0004],
			"rotation": {"angle": -45, "axis": "y", "origin": [12, 0, 14]},
			"faces": {
				"north": {"uv": [5.5, 8.5, 4, 7], "rotation": 90, "texture": "#squid"},
				"east": {"uv": [8.5, 8.5, 4, 7], "rotation": 270, "texture": "#squid"},
				"south": {"uv": [4, 7, 5.5, 8.5], "rotation": 270, "texture": "#squid"},
				"up": {"uv": [4, 7, 8.5, 8.5], "texture": "#squid"},
				"down": {"uv": [8.5, 8.5, 4, 7], "texture": "#squid"}
			}
		},
		{
			"name": "tentacle2",
			"from": [0.0002, -0.0016, -14.0015],
			"to": [4.0002, 3.9984, 1.9985],
			"rotation": {"angle": 45, "axis": "y", "origin": [4, 0, 2]},
			"faces": {
				"north": {"uv": [4, 7, 8.5, 8.5], "rotation": 90, "texture": "#squid"},
				"east": {"uv": [5.5, 8.5, 4, 7], "rotation": 90, "texture": "#squid"},
				"west": {"uv": [4, 7, 5.5, 8.5], "rotation": 270, "texture": "#squid"},
				"up": {"uv": [8.5, 8.5, 4, 7], "rotation": 90, "texture": "#squid"},
				"down": {"uv": [4, 7, 8.5, 8.5], "rotation": 270, "texture": "#squid"}
			}
		},
		{
			"name": "tentacle1",
			"from": [6, 0.4986, -12.0013],
			"to": [10, 4.4986, 3.9987],
			"rotation": {"angle": -22.5, "axis": "x", "origin": [10, 0.5, 4]},
			"faces": {
				"north": {"uv": [4, 7, 8.5, 8.5], "rotation": 90, "texture": "#squid"},
				"east": {"uv": [5.5, 8.5, 4, 7], "rotation": 90, "texture": "#squid"},
				"west": {"uv": [4, 7, 5.5, 8.5], "rotation": 270, "texture": "#squid"},
				"up": {"uv": [8.5, 8.5, 4, 7], "rotation": 90, "texture": "#squid"},
				"down": {"uv": [4, 7, 8.5, 8.5], "rotation": 270, "texture": "#squid"}
			}
		},
		{
			"name": "tentacle7",
			"from": [14.0013, -0.0015, 6.0001],
			"to": [30.0013, 3.9985, 10.0001],
			"rotation": {"angle": 22.5, "axis": "z", "origin": [14, 0, 10]},
			"faces": {
				"north": {"uv": [5.5, 8.5, 4, 7], "rotation": 90, "texture": "#squid"},
				"east": {"uv": [8.5, 8.5, 4, 7], "rotation": 270, "texture": "#squid"},
				"south": {"uv": [4, 7, 5.5, 8.5], "rotation": 270, "texture": "#squid"},
				"up": {"uv": [4, 7, 8.5, 8.5], "texture": "#squid"},
				"down": {"uv": [8.5, 8.5, 4, 7], "texture": "#squid"}
			}
		},
		{
			"name": "tentacle5",
			"from": [5.9997, -0.0013, 14.0013],
			"to": [9.9997, 3.9987, 30.0013],
			"rotation": {"angle": 22.5, "axis": "x", "origin": [6, 0, 14]},
			"faces": {
				"east": {"uv": [4, 7, 5.5, 8.5], "rotation": 270, "texture": "#squid"},
				"south": {"uv": [8.5, 8.5, 4, 7], "rotation": 270, "texture": "#squid"},
				"west": {"uv": [5.5, 8.5, 4, 7], "rotation": 90, "texture": "#squid"},
				"up": {"uv": [4, 7, 8.5, 8.5], "rotation": 90, "texture": "#squid"},
				"down": {"uv": [8.5, 8.5, 4, 7], "rotation": 270, "texture": "#squid"}
			}
		},
		{
			"name": "tentacle8",
			"from": [14.0014, -0.0015, 0.0004],
			"to": [30.0014, 3.9985, 4.0004],
			"rotation": {"angle": 45, "axis": "y", "origin": [14, 0, 4]},
			"faces": {
				"north": {"uv": [5.5, 8.5, 4, 7], "rotation": 90, "texture": "#squid"},
				"east": {"uv": [8.5, 8.5, 4, 7], "rotation": 270, "texture": "#squid"},
				"south": {"uv": [4, 7, 5.5, 8.5], "rotation": 270, "texture": "#squid"},
				"up": {"uv": [4, 7, 8.5, 8.5], "texture": "#squid"},
				"down": {"uv": [8.5, 8.5, 4, 7], "texture": "#squid"}
			}
		}
	],
	"display": {
		"thirdperson_righthand": {
			"rotation": [0, 163, 0],
			"translation": [0, 3.4782, 1.3913],
			"scale": [0.4, 0.4, 0.4]
		},
		"firstperson_righthand": {
			"rotation": [-20, 150, 0],
			"translation": [0.0006, 4.1738, 0],
			"scale": [0.4, 0.4, 0.4]
		},
		"firstperson_lefthand": {
			"rotation": [-20, 150, 0],
			"translation": [0.0006, 4.1738, 0],
			"scale": [0.4, 0.4, 0.4]
		},
		"ground": {
			"translation": [0, 4.1739, 0],
			"scale": [0.4, 0.4, 0.4]
		},
		"gui": {
			"rotation": [0, 180, 0],
			"translation": [0, -1.391, 0],
			"scale": [0.4, 0.4, 0.4]
		},
		"head": {
			"rotation": [13, -3, 8],
			"translation": [-0.694, 9.042, 1.3913],
			"scale": [1.1, 1.1, 1.1]
		},
		"fixed": {
			"rotation": [-90, 0, 0],
			"translation": [0, 0, -4.945],
			"scale": [0.7, 0.7, 0.7]
		}
	}
}